{
  "ambientocclusion": false,
  "textures": {
    "cross": "tfc2:blocks/plants/tackweed01",
    "particle": "tfc2:blocks/plants/tackweed01"
  },
  "elements": [
    {
      "from": [
        0,
        0.01,
        0
      ],
      "to": [
        16,
        0.01,
        16
      ],
      "shade": false,
      "faces": {
        "up": {
          "uv": [
            0,
            0,
            16,
            16
          ],
          "texture": "#cross"
        }
      }
    }
  ]
}